"","Livraisons effectuées par livreur"
"Commande ID","Produit","Quantité","Statut","Livreur","Date Livraison Réelle"
"503","MedicamentC1","11","LIVREE","Livreur01 Test","2024-12-25T13:52:36.804859"
"602","MedicamentC11","11","LIVREE","Livreur01 Test","2024-12-25T16:32:09.590738"
"652","MedicamentC11","11","LIVREE","Livreur01 Test","2024-12-29T19:37:49.751942"
""
"","Commandes en retard"
"Commande ID","Produit","Quantité","Date Livraison Prévue","Statut"
""
"","Problèmes signalés"
"Commande ID","Produit","Quantité","Type de Problème","Description","Date Signalée"
"503","MedicamentC1","11","RETARD","N/A","2024-12-24T11:44:00.651410"
"503","MedicamentC1","11","AUTRE","N/A","2024-12-24T12:01:58.884473"
"553","MedicamentC1","11","RETARD","N/A","2024-12-26T10:25:25.135724"
"553","MedicamentC1","11","RETARD","N/A","2024-12-26T10:33:50.657841"
"553","MedicamentC1","11","RETARD","N/A","2024-12-26T10:36:23.270548"
